{"cameraMode":{"drawMode":0,"name":"Shaded","section":"Shading Mode"},"sceneLighting":true,"audioPlay":false,"sceneViewState":{"m_AlwaysRefresh":false,"showFog":true,"showSkybox":false,"showFlares":true,"showImageEffects":true,"showParticleSystems":true,"showVisualEffectGraphs":true,"m_FxEnabled":true},"in2DMode":false,"pivot":{"x":0.5819118022918701,"y":-0.4705859422683716,"z":1.1485755443572999},"rotation":{"x":-0.06914699077606201,"y":-0.24551282823085786,"z":0.01755448430776596,"w":-0.9667726755142212},"size":2.066025495529175,"orthographic":false}