{"cameraMode":{"drawMode":0,"name":"Shaded","section":"Shading Mode"},"sceneLighting":false,"audioPlay":false,"sceneViewState":{"m_AlwaysRefresh":false,"showFog":true,"showSkybox":false,"showFlares":true,"showImageEffects":true,"showParticleSystems":true,"showVisualEffectGraphs":true,"m_FxEnabled":true},"in2DMode":false,"pivot":{"x":-16.139999389648439,"y":-1.9700000286102296,"z":1.0399999618530274},"rotation":{"x":0.20327413082122804,"y":-0.4679793417453766,"z":0.11155068874359131,"w":0.8527792692184448},"size":1.2247449159622193,"orthographic":false}