{"cameraMode":{"drawMode":0,"name":"Shaded","section":"Shading Mode"},"sceneLighting":false,"audioPlay":false,"sceneViewState":{"showFog":true,"showMaterialUpdate":false,"showSkybox":false,"showFlares":true,"showImageEffects":true,"showParticleSystems":true},"in2DMode":false,"pivot":{"x":1.7294255495071412,"y":-6.026397705078125,"z":-8.074624061584473},"rotation":{"x":0.07964973151683808,"y":0.7686154246330261,"z":-0.09725137054920197,"w":0.6275922060012817},"size":14.966198921203614,"orthographic":false}