{"cameraMode":{"drawMode":0,"name":"Shaded","section":"Shading Mode"},"sceneLighting":false,"audioPlay":false,"sceneViewState":{"showFog":true,"showMaterialUpdate":false,"showSkybox":true,"showFlares":true,"showImageEffects":true,"showParticleSystems":true},"in2DMode":false,"pivot":{"x":-8.974786758422852,"y":-2.332049608230591,"z":-0.4225583076477051},"rotation":{"x":-0.009438675828278065,"y":0.8181873559951782,"z":-0.013552104122936726,"w":-0.5752825140953064},"size":5.022088527679443,"orthographic":false}