{"cameraMode":{"drawMode":0,"name":"Shaded","section":"Shading Mode"},"sceneLighting":false,"audioPlay":false,"sceneViewState":{"showFog":true,"showMaterialUpdate":false,"showSkybox":false,"showFlares":true,"showImageEffects":true,"showParticleSystems":true},"in2DMode":false,"pivot":{"x":-22.068588256835939,"y":-5.513774394989014,"z":-1.7153136730194092},"rotation":{"x":-0.08944489806890488,"y":0.9091436266899109,"z":-0.31362390518188479,"w":-0.2600928843021393},"size":0.9268901348114014,"orthographic":false}