{"cameraMode":{"drawMode":0,"name":"Shaded","section":"Shading Mode"},"sceneLighting":false,"audioPlay":false,"sceneViewState":{"showFog":true,"showMaterialUpdate":false,"showSkybox":false,"showFlares":true,"showImageEffects":true,"showParticleSystems":true},"in2DMode":false,"pivot":{"x":-23.879291534423829,"y":-8.810585021972657,"z":5.436069488525391},"rotation":{"x":-0.020694149658083917,"y":0.8908181190490723,"z":0.04094541072845459,"w":0.4522688388824463},"size":5.085082530975342,"orthographic":false}